,label,file name
0,1,S010_004_00000019.png
1,1,S011_004_00000021.png
2,1,S014_003_00000030.png
3,1,S022_005_00000032.png
4,1,S026_003_00000015.png
5,1,S028_001_00000024.png
6,1,S029_001_00000019.png
7,1,S032_003_00000017.png
8,1,S034_003_00000027.png
9,1,S037_003_00000022.png
10,1,S042_004_00000020.png
11,1,S045_005_00000030.png
12,1,S050_004_00000021.png
13,1,S055_004_00000028.png
14,1,S058_005_00000010.png
15,1,S066_005_00000011.png
16,1,S067_004_00000023.png
17,1,S071_004_00000028.png
18,1,S072_005_00000019.png
19,1,S075_008_00000012.png
20,1,S082_005_00000017.png
21,1,S087_007_00000016.png
22,1,S089_003_00000036.png
23,1,S090_007_00000014.png
24,1,S092_003_00000014.png
25,1,S100_005_00000023.png
26,1,S109_003_00000017.png
27,1,S111_006_00000010.png
28,1,S112_005_00000017.png
29,1,S113_008_00000023.png
30,1,S117_006_00000010.png
31,1,S119_008_00000018.png
32,1,S126_008_00000029.png
33,1,S127_010_00000018.png
34,1,S129_006_00000010.png
35,1,S130_007_00000020.png
36,1,S133_003_00000047.png
37,1,S134_003_00000011.png
38,1,S136_005_00000010.png
39,1,S501_001_00000067.png
40,1,S502_001_00000016.png
41,1,S503_001_00000071.png
42,1,S504_001_00000022.png
43,1,S506_001_00000040.png
44,1,S999_001_00000018.png
45,2,S138_008_00000009.png
46,2,S139_002_00000013.png
47,2,S147_002_00000013.png
48,2,S148_002_00000015.png
49,2,S149_002_00000013.png
50,2,S151_002_00000029.png
51,2,S154_002_00000013.png
52,2,S155_002_00000012.png
53,2,S156_002_00000021.png
54,2,S157_002_00000011.png
55,2,S158_002_00000011.png
56,2,S160_006_00000010.png
57,2,S502_002_00000009.png
58,2,S503_002_00000008.png
59,2,S504_002_00000009.png
60,2,S505_002_00000021.png
61,2,S506_002_00000009.png
62,2,S895_002_00000007.png
63,3,S005_001_00000011.png
64,3,S011_005_00000020.png
65,3,S022_006_00000017.png
66,3,S032_005_00000016.png
67,3,S035_005_00000019.png
68,3,S044_006_00000019.png
69,3,S045_004_00000015.png
70,3,S046_004_00000017.png
71,3,S051_003_00000018.png
72,3,S052_006_00000013.png
73,3,S054_004_00000024.png
74,3,S055_003_00000009.png
75,3,S056_002_00000010.png
76,3,S057_003_00000015.png
77,3,S058_006_00000018.png
78,3,S060_005_00000021.png
79,3,S061_004_00000022.png
80,3,S062_005_00000029.png
81,3,S065_005_00000008.png
82,3,S067_006_00000011.png
83,3,S068_005_00000021.png
84,3,S069_003_00000011.png
85,3,S070_005_00000016.png
86,3,S071_006_00000014.png
87,3,S073_006_00000014.png
88,3,S074_004_00000018.png
89,3,S075_005_00000012.png
90,3,S076_005_00000012.png
91,3,S077_006_00000014.png
92,3,S078_007_00000013.png
93,3,S079_002_00000012.png
94,3,S080_008_00000009.png
95,3,S081_008_00000011.png
96,3,S082_007_00000010.png
97,3,S085_004_00000017.png
98,3,S087_004_00000012.png
99,3,S088_004_00000020.png
100,3,S090_006_00000011.png
101,3,S095_006_00000013.png
102,3,S096_003_00000012.png
103,3,S097_004_00000030.png
104,3,S098_003_00000013.png
105,3,S099_007_00000012.png
106,3,S102_009_00000015.png
107,3,S105_008_00000010.png
108,3,S106_004_00000008.png
109,3,S107_005_00000011.png
110,3,S108_006_00000020.png
111,3,S109_005_00000014.png
112,3,S111_007_00000014.png
113,3,S116_006_00000007.png
114,3,S124_006_00000011.png
115,3,S125_008_00000010.png
116,3,S128_004_00000013.png
117,3,S129_011_00000018.png
118,3,S130_012_00000011.png
119,3,S131_010_00000018.png
120,3,S132_005_00000016.png
121,3,S134_008_00000013.png
122,4,S011_003_00000014.png
123,4,S032_004_00000014.png
124,4,S046_003_00000016.png
125,4,S050_001_00000017.png
126,4,S054_002_00000015.png
127,4,S055_006_00000008.png
128,4,S059_002_00000017.png
129,4,S062_001_00000017.png
130,4,S065_002_00000022.png
131,4,S068_004_00000010.png
132,4,S074_001_00000020.png
133,4,S084_002_00000023.png
134,4,S091_001_00000015.png
135,4,S102_003_00000016.png
136,4,S117_003_00000014.png
137,4,S119_003_00000024.png
138,4,S124_003_00000011.png
139,4,S125_006_00000022.png
140,4,S132_003_00000023.png
141,4,S138_001_00000012.png
142,4,S501_004_00000056.png
143,4,S502_004_00000052.png
144,4,S504_004_00000015.png
145,4,S506_004_00000038.png
146,4,S999_003_00000055.png
147,5,S010_006_00000015.png
148,5,S011_006_00000013.png
149,5,S014_005_00000017.png
150,5,S026_006_00000013.png
151,5,S032_006_00000016.png
152,5,S034_005_00000010.png
153,5,S035_006_00000018.png
154,5,S037_006_00000021.png
155,5,S042_006_00000017.png
156,5,S044_003_00000014.png
157,5,S050_006_00000023.png
158,5,S052_004_00000033.png
159,5,S053_004_00000024.png
160,5,S055_005_00000045.png
161,5,S056_004_00000020.png
162,5,S057_006_00000033.png
163,5,S060_002_00000026.png
164,5,S061_002_00000015.png
165,5,S062_004_00000024.png
166,5,S063_002_00000023.png
167,5,S064_003_00000025.png
168,5,S065_004_00000028.png
169,5,S066_003_00000012.png
170,5,S067_005_00000022.png
171,5,S068_002_00000015.png
172,5,S069_004_00000017.png
173,5,S070_003_00000017.png
174,5,S071_005_00000021.png
175,5,S072_006_00000022.png
176,5,S074_005_00000043.png
177,5,S075_006_00000025.png
178,5,S076_006_00000019.png
179,5,S078_004_00000027.png
180,5,S079_004_00000026.png
181,5,S083_003_00000019.png
182,5,S085_002_00000014.png
183,5,S086_002_00000015.png
184,5,S087_005_00000012.png
185,5,S089_002_00000021.png
186,5,S091_003_00000021.png
187,5,S092_004_00000024.png
188,5,S093_004_00000016.png
189,5,S094_004_00000012.png
190,5,S095_007_00000021.png
191,5,S096_004_00000011.png
192,5,S097_006_00000019.png
193,5,S098_004_00000015.png
194,5,S099_004_00000015.png
195,5,S100_006_00000016.png
196,5,S106_006_00000011.png
197,5,S108_008_00000013.png
198,5,S109_006_00000015.png
199,5,S114_006_00000023.png
200,5,S115_008_00000017.png
201,5,S116_007_00000017.png
202,5,S124_007_00000024.png
203,5,S125_005_00000013.png
204,5,S127_004_00000016.png
205,5,S128_011_00000016.png
206,5,S129_012_00000011.png
207,5,S130_013_00000015.png
208,5,S131_006_00000022.png
209,5,S132_006_00000023.png
210,5,S133_010_00000014.png
211,5,S134_004_00000015.png
212,5,S135_012_00000020.png
213,5,S136_006_00000020.png
214,5,S137_011_00000020.png
215,5,S138_005_00000016.png
216,0,S005_001_00000001.png
217,0,S010_001_00000001.png
218,0,S010_002_00000001.png
219,0,S010_003_00000001.png
220,0,S010_004_00000001.png
221,0,S010_005_00000001.png
222,0,S010_006_00000001.png
223,0,S011_001_00000001.png
224,0,S011_002_00000001.png
225,0,S011_003_00000001.png
226,0,S011_004_00000001.png
227,0,S011_005_00000001.png
228,0,S011_006_00000001.png
229,0,S014_001_00000001.png
230,0,S014_002_00000001.png
231,0,S014_003_00000001.png
232,0,S014_004_00000001.png
233,0,S014_005_00000001.png
234,0,S022_001_00000001.png
235,0,S022_002_00000001.png
236,0,S022_003_00000001.png
237,0,S022_004_00000001.png
238,0,S022_005_00000001.png
239,0,S022_006_00000001.png
240,0,S026_001_00000001.png
241,0,S026_002_00000001.png
242,0,S026_003_00000001.png
243,0,S026_004_00000001.png
244,0,S026_005_00000001.png
245,0,S026_006_00000001.png
246,0,S028_001_00000001.png
247,0,S029_001_00000001.png
248,0,S032_001_00000001.png
249,0,S032_002_00000001.png
250,0,S032_003_00000001.png
251,0,S032_004_00000001.png
252,0,S032_005_00000001.png
253,0,S032_006_00000001.png
254,0,S034_001_00000001.png
255,0,S034_002_00000001.png
256,0,S034_003_00000001.png
257,0,S034_004_00000001.png
258,0,S034_005_00000001.png
259,0,S035_001_00000001.png
260,0,S035_002_00000001.png
261,0,S035_003_00000001.png
262,0,S035_004_00000001.png
263,0,S035_005_00000001.png
264,0,S035_006_00000001.png
265,0,S037_001_00000001.png
266,0,S037_002_00000001.png
267,0,S037_003_00000001.png
268,0,S037_004_00000001.png
269,0,S037_005_00000001.png
270,0,S037_006_00000001.png
271,0,S042_001_00000001.png
272,0,S042_002_00000001.png
273,0,S042_003_00000001.png
274,0,S042_004_00000001.png
275,0,S042_005_00000001.png
276,0,S042_006_00000001.png
277,0,S044_001_00000001.png
278,0,S044_002_00000001.png
279,0,S044_003_00000001.png
280,0,S044_004_00000001.png
281,0,S044_005_00000001.png
282,0,S044_006_00000001.png
283,0,S045_001_00000001.png
284,0,S045_002_00000001.png
285,0,S045_003_00000001.png
286,0,S045_004_00000001.png
287,0,S045_005_00000001.png
288,0,S046_001_00000001.png
289,0,S046_002_00000001.png
290,0,S046_003_00000001.png
291,0,S046_004_00000001.png
292,0,S046_005_00000001.png
293,0,S050_001_00000001.png
294,0,S050_002_00000001.png
295,0,S050_003_00000001.png
296,0,S050_004_00000001.png
297,0,S050_005_00000001.png
298,0,S050_006_00000001.png
299,0,S051_001_00000001.png
300,0,S051_002_00000001.png
301,0,S051_003_00000001.png
302,0,S052_001_00000001.png
303,0,S052_002_00000001.png
304,0,S052_003_00000001.png
305,0,S052_004_00000001.png
306,0,S052_006_00000001.png
307,0,S053_001_00000001.png
308,0,S053_003_00000001.png
309,0,S053_004_00000001.png
310,0,S054_001_00000001.png
311,0,S054_002_00000001.png
312,0,S054_003_00000001.png
313,0,S054_004_00000001.png
314,0,S055_001_00000001.png
315,0,S055_002_00000001.png
316,0,S055_003_00000001.png
317,0,S055_004_00000001.png
318,0,S055_005_00000001.png
319,0,S055_006_00000001.png
320,0,S056_001_00000001.png
321,0,S056_002_00000001.png
322,0,S056_003_00000001.png
323,0,S056_004_00000001.png
324,0,S057_001_00000001.png
325,0,S057_002_00000001.png
326,0,S057_003_00000001.png
327,0,S057_004_00000001.png
328,0,S057_005_00000001.png
329,0,S057_006_00000001.png
330,0,S058_001_00000001.png
331,0,S058_002_00000001.png
332,0,S058_003_00000001.png
333,0,S058_005_00000001.png
334,0,S058_006_00000001.png
335,0,S059_001_00000001.png
336,0,S059_002_00000001.png
337,0,S059_003_00000001.png
338,0,S060_001_00000001.png
339,0,S060_002_00000001.png
340,0,S060_003_00000001.png
341,0,S060_005_00000001.png
342,0,S061_001_00000001.png
343,0,S061_002_00000001.png
344,0,S061_004_00000001.png
345,0,S062_001_00000001.png
346,0,S062_002_00000001.png
347,0,S062_003_00000001.png
348,0,S062_004_00000001.png
349,0,S062_005_00000001.png
350,0,S063_001_00000001.png
351,0,S063_002_00000001.png
352,0,S064_001_00000001.png
353,0,S064_002_00000001.png
354,0,S064_003_00000001.png
355,0,S064_004_00000001.png
356,0,S065_001_00000001.png
357,0,S065_002_00000001.png
358,0,S065_003_00000001.png
359,0,S065_004_00000001.png
360,0,S065_005_00000001.png
361,0,S066_001_00000001.png
362,0,S066_002_00000001.png
363,0,S066_003_00000001.png
364,0,S066_004_00000001.png
365,0,S066_005_00000001.png
366,0,S067_001_00000001.png
367,0,S067_002_00000001.png
368,0,S067_003_00000001.png
369,0,S067_004_00000001.png
370,0,S067_005_00000001.png
371,0,S067_006_00000001.png
372,0,S068_001_00000001.png
373,0,S068_002_00000001.png
374,0,S068_003_00000001.png
375,0,S068_004_00000001.png
376,0,S068_005_00000001.png
377,0,S069_001_00000001.png
378,0,S069_002_00000001.png
379,0,S069_003_00000001.png
380,0,S069_004_00000001.png
381,0,S069_005_00000001.png
382,0,S070_001_00000001.png
383,0,S070_002_00000001.png
384,0,S070_003_00000001.png
385,0,S070_005_00000001.png
386,0,S071_001_00000001.png
387,0,S071_002_00000001.png
388,0,S071_003_00000001.png
389,0,S071_004_00000001.png
390,0,S071_005_00000001.png
391,0,S071_006_00000001.png
392,0,S072_001_00000001.png
393,0,S072_002_00000001.png
394,0,S072_003_00000001.png
395,0,S072_004_00000001.png
396,0,S072_005_00000001.png
397,0,S072_006_00000001.png
398,0,S073_001_00000001.png
399,0,S073_002_00000001.png
400,0,S073_003_00000001.png
401,0,S073_004_00000001.png
402,0,S073_005_00000001.png
403,0,S073_006_00000001.png
404,0,S074_001_00000001.png
405,0,S074_002_00000001.png
406,0,S074_003_00000001.png
407,0,S074_004_00000001.png
408,0,S074_005_00000001.png
409,0,S075_001_00000001.png
410,0,S075_002_00000001.png
411,0,S075_003_00000001.png
412,0,S075_004_00000001.png
413,0,S075_005_00000001.png
414,0,S075_006_00000001.png
415,0,S075_007_00000001.png
416,0,S075_008_00000001.png
417,0,S076_001_00000001.png
418,0,S076_002_00000001.png
419,0,S076_003_00000001.png
420,0,S076_004_00000001.png
421,0,S076_005_00000001.png
422,0,S076_006_00000001.png
423,0,S077_001_00000001.png
424,0,S077_002_00000001.png
425,0,S077_003_00000001.png
426,0,S077_004_00000001.png
427,0,S077_005_00000001.png
428,0,S077_006_00000001.png
429,0,S077_007_00000001.png
430,0,S078_001_00000001.png
431,0,S078_002_00000001.png
432,0,S078_003_00000001.png
433,0,S078_004_00000001.png
434,0,S078_005_00000001.png
435,0,S078_006_00000001.png
436,0,S078_007_00000001.png
437,0,S079_001_00000001.png
438,0,S079_002_00000001.png
439,0,S079_003_00000001.png
440,0,S079_004_00000001.png
441,0,S080_001_00000001.png
442,0,S080_002_00000001.png
443,0,S080_003_00000001.png
444,0,S080_004_00000001.png
445,0,S080_005_00000001.png
446,0,S080_008_00000001.png
447,0,S081_001_00000001.png
448,0,S081_002_00000001.png
449,0,S081_003_00000001.png
450,0,S081_004_00000001.png
451,0,S081_005_00000001.png
452,0,S081_008_00000001.png
453,0,S082_001_00000001.png
454,0,S082_002_00000001.png
455,0,S082_003_00000001.png
456,0,S082_004_00000001.png
457,0,S082_005_00000001.png
458,0,S082_006_00000001.png
459,0,S082_007_00000001.png
460,0,S083_001_00000001.png
461,0,S083_002_00000001.png
462,0,S083_003_00000001.png
463,0,S083_004_00000001.png
464,0,S084_001_00000001.png
465,0,S084_002_00000001.png
466,0,S084_004_00000001.png
467,0,S085_001_00000001.png
468,0,S085_002_00000001.png
469,0,S085_003_00000001.png
470,0,S085_004_00000001.png
471,0,S086_001_00000001.png
472,0,S086_002_00000001.png
473,0,S087_001_00000001.png
474,0,S087_002_00000001.png
475,0,S087_003_00000001.png
476,0,S087_004_00000001.png
477,0,S087_005_00000001.png
478,0,S087_006_00000001.png
479,0,S087_007_00000001.png
480,0,S088_001_00000001.png
481,0,S088_002_00000001.png
482,0,S088_003_00000001.png
483,0,S088_004_00000001.png
484,0,S089_001_00000001.png
485,0,S089_002_00000001.png
486,0,S089_003_00000001.png
487,0,S090_002_00000001.png
488,0,S090_006_00000001.png
489,0,S090_007_00000001.png
490,0,S091_001_00000001.png
491,0,S091_002_00000001.png
492,0,S091_003_00000001.png
493,0,S092_001_00000001.png
494,0,S092_002_00000001.png
495,0,S092_003_00000001.png
496,0,S092_004_00000001.png
497,0,S093_001_00000001.png
498,0,S093_002_00000001.png
499,0,S093_003_00000001.png
500,0,S093_004_00000001.png
501,0,S094_001_00000001.png
502,0,S094_003_00000001.png
503,0,S094_004_00000001.png
504,0,S095_001_00000001.png
505,0,S095_002_00000001.png
506,0,S095_003_00000001.png
507,0,S095_004_00000001.png
508,0,S095_005_00000001.png
509,0,S095_006_00000001.png
510,0,S095_007_00000001.png
511,0,S095_010_00000001.png
512,0,S096_001_00000001.png
513,0,S096_002_00000001.png
514,0,S096_003_00000001.png
515,0,S096_004_00000001.png
516,0,S097_001_00000001.png
517,0,S097_002_00000001.png
518,0,S097_003_00000001.png
519,0,S097_004_00000001.png
520,0,S097_005_00000001.png
521,0,S097_006_00000001.png
522,0,S098_001_00000001.png
523,0,S098_002_00000001.png
524,0,S098_003_00000001.png
525,0,S098_004_00000001.png
526,0,S099_001_00000001.png
527,0,S099_002_00000001.png
528,0,S099_003_00000001.png
529,0,S099_004_00000001.png
530,0,S099_007_00000001.png
531,0,S100_001_00000001.png
532,0,S100_002_00000001.png
533,0,S100_003_00000001.png
534,0,S100_004_00000001.png
535,0,S100_005_00000001.png
536,0,S100_006_00000001.png
537,0,S101_001_00000001.png
538,0,S101_002_00000001.png
539,0,S101_003_00000001.png
540,0,S101_004_00000001.png
541,0,S101_005_00000001.png
542,0,S102_001_00000001.png
543,0,S102_002_00000001.png
544,0,S102_003_00000001.png
545,0,S102_004_00000001.png
546,0,S102_005_00000001.png
547,0,S102_006_00000001.png
548,0,S102_007_00000001.png
549,0,S102_008_00000001.png
550,0,S102_009_00000001.png
551,0,S103_001_00000001.png
552,0,S103_002_00000001.png
553,0,S103_003_00000001.png
554,0,S103_006_00000001.png
555,0,S103_007_00000001.png
556,0,S103_008_00000001.png
557,0,S104_001_00000001.png
558,0,S104_002_00000001.png
559,0,S104_003_00000001.png
560,0,S105_001_00000001.png
561,0,S105_002_00000001.png
562,0,S105_003_00000001.png
563,0,S105_004_00000001.png
564,0,S105_005_00000001.png
565,0,S105_006_00000001.png
566,0,S105_007_00000001.png
567,0,S105_008_00000001.png
568,0,S106_001_00000001.png
569,0,S106_002_00000001.png
570,0,S106_003_00000001.png
571,0,S106_004_00000001.png
572,0,S106_005_00000001.png
573,0,S106_006_00000001.png
574,0,S106_007_00000001.png
575,0,S107_001_00000001.png
576,0,S107_002_00000001.png
577,0,S107_003_00000001.png
578,0,S107_004_00000001.png
579,0,S107_005_00000001.png
580,0,S107_006_00000001.png
581,0,S108_002_00000001.png
582,0,S108_003_00000001.png
583,0,S108_004_00000001.png
584,0,S108_005_00000001.png
585,0,S108_006_00000001.png
586,0,S108_007_00000001.png
587,0,S108_008_00000001.png
588,0,S109_001_00000001.png
589,0,S109_002_00000001.png
590,0,S109_003_00000001.png
591,0,S109_004_00000001.png
592,0,S109_005_00000001.png
593,0,S109_006_00000001.png
594,0,S110_001_00000001.png
595,0,S110_002_00000001.png
596,0,S110_003_00000001.png
597,0,S110_004_00000001.png
598,0,S110_005_00000001.png
599,0,S110_006_00000001.png
600,0,S110_007_00000001.png
601,0,S111_001_00000001.png
602,0,S111_002_00000001.png
603,0,S111_003_00000001.png
604,0,S111_004_00000001.png
605,0,S111_005_00000001.png
606,0,S111_006_00000001.png
607,0,S111_007_00000001.png
608,0,S112_001_00000001.png
609,0,S112_002_00000001.png
610,0,S112_003_00000001.png
611,0,S112_004_00000001.png
612,0,S112_005_00000001.png
613,0,S113_001_00000001.png
614,0,S113_002_00000001.png
615,0,S113_003_00000001.png
616,0,S113_004_00000001.png
617,0,S113_005_00000001.png
618,0,S113_006_00000001.png
619,0,S113_007_00000001.png
620,0,S113_008_00000001.png
621,0,S114_001_00000001.png
622,0,S114_002_00000001.png
623,0,S114_003_00000001.png
624,0,S114_004_00000001.png
625,0,S114_005_00000001.png
626,0,S114_006_00000001.png
627,0,S115_001_00000001.png
628,0,S115_002_00000001.png
629,0,S115_003_00000001.png
630,0,S115_004_00000001.png
631,0,S115_005_00000001.png
632,0,S115_006_00000001.png
633,0,S115_007_00000001.png
634,0,S115_008_00000001.png
635,0,S116_001_00000001.png
636,0,S116_002_00000001.png
637,0,S116_003_00000001.png
638,0,S116_004_00000001.png
639,0,S116_005_00000001.png
640,0,S116_006_00000001.png
641,0,S116_007_00000001.png
642,0,S117_001_00000001.png
643,0,S117_002_00000001.png
644,0,S117_003_00000001.png
645,0,S117_004_00000001.png
646,0,S117_005_00000001.png
647,0,S117_006_00000001.png
648,0,S117_007_00000001.png
649,0,S118_001_00000001.png
650,0,S118_002_00000001.png
651,0,S118_003_00000001.png
652,0,S118_004_00000001.png
653,0,S118_005_00000001.png
654,0,S118_006_00000001.png
655,0,S119_001_00000001.png
656,0,S119_002_00000001.png
657,0,S119_003_00000001.png
658,0,S119_004_00000001.png
659,0,S119_005_00000001.png
660,0,S119_006_00000001.png
661,0,S119_007_00000001.png
662,0,S119_008_00000001.png
663,0,S120_001_00000001.png
664,0,S120_002_00000001.png
665,0,S121_001_00000001.png
666,0,S121_002_00000001.png
667,0,S121_003_00000001.png
668,0,S121_004_00000001.png
669,0,S121_005_00000001.png
670,0,S122_001_00000001.png
671,0,S122_002_00000001.png
672,0,S122_004_00000001.png
673,0,S122_005_00000001.png
674,0,S124_001_00000001.png
675,0,S124_002_00000001.png
676,0,S124_003_00000001.png
677,0,S124_004_00000001.png
678,0,S124_005_00000001.png
679,0,S124_006_00000001.png
680,0,S124_007_00000001.png
681,0,S125_001_00000001.png
682,0,S125_002_00000001.png
683,0,S125_003_00000001.png
684,0,S125_004_00000001.png
685,0,S125_005_00000001.png
686,0,S125_006_00000001.png
687,0,S125_007_00000001.png
688,0,S125_008_00000001.png
689,0,S126_001_00000001.png
690,0,S126_002_00000001.png
691,0,S126_004_00000001.png
692,0,S126_008_00000001.png
693,0,S127_001_00000001.png
694,0,S127_002_00000001.png
695,0,S127_003_00000001.png
696,0,S127_004_00000001.png
697,0,S127_010_00000001.png
698,0,S128_001_00000001.png
699,0,S128_002_00000001.png
700,0,S128_003_00000001.png
701,0,S128_004_00000001.png
702,0,S128_005_00000001.png
703,0,S128_011_00000001.png
704,0,S129_001_00000001.png
705,0,S129_002_00000001.png
706,0,S129_003_00000001.png
707,0,S129_004_00000001.png
708,0,S129_005_00000001.png
709,0,S129_006_00000001.png
710,0,S129_007_00000001.png
711,0,S129_011_00000001.png
712,0,S129_012_00000001.png
713,0,S130_001_00000001.png
714,0,S130_002_00000001.png
715,0,S130_003_00000001.png
716,0,S130_004_00000001.png
717,0,S130_005_00000001.png
718,0,S130_006_00000001.png
719,0,S130_007_00000001.png
720,0,S130_008_00000001.png
721,0,S130_009_00000001.png
722,0,S130_012_00000001.png
723,0,S130_013_00000001.png
724,0,S131_001_00000001.png
725,0,S131_002_00000001.png
726,0,S131_003_00000001.png
727,0,S131_004_00000001.png
728,0,S131_005_00000001.png
729,0,S131_006_00000001.png
730,0,S131_007_00000001.png
731,0,S131_010_00000001.png
732,0,S132_001_00000001.png
733,0,S132_002_00000001.png
734,0,S132_003_00000001.png
735,0,S132_004_00000001.png
736,0,S132_005_00000001.png
737,0,S132_006_00000001.png
738,0,S132_007_00000001.png
739,0,S132_008_00000001.png
740,0,S133_001_00000001.png
741,0,S133_002_00000001.png
742,0,S133_003_00000001.png
743,0,S133_004_00000001.png
744,0,S133_009_00000001.png
745,0,S133_010_00000001.png
746,0,S134_001_00000001.png
747,0,S134_002_00000001.png
748,0,S134_003_00000001.png
749,0,S134_004_00000001.png
750,0,S134_008_00000001.png
751,0,S135_001_00000001.png
752,0,S135_002_00000001.png
753,0,S135_003_00000001.png
754,0,S135_004_00000001.png
755,0,S135_012_00000001.png
756,0,S136_001_00000001.png
757,0,S136_002_00000001.png
758,0,S136_003_00000001.png
759,0,S136_004_00000001.png
760,0,S136_005_00000001.png
761,0,S136_006_00000001.png
762,0,S137_001_00000001.png
763,0,S137_002_00000001.png
764,0,S137_003_00000001.png
765,0,S137_004_00000001.png
766,0,S137_005_00000001.png
767,0,S137_011_00000001.png
768,0,S138_001_00000001.png
769,0,S138_002_00000001.png
770,0,S138_003_00000001.png
771,0,S138_004_00000001.png
772,0,S138_005_00000001.png
773,0,S138_006_00000001.png
774,0,S138_007_00000001.png
775,0,S138_008_00000001.png
776,0,S139_002_00000001.png
777,0,S147_002_00000001.png
778,0,S148_002_00000001.png
779,0,S149_002_00000001.png
780,0,S151_002_00000001.png
781,0,S154_002_00000001.png
782,0,S155_002_00000001.png
783,0,S156_002_00000001.png
784,0,S157_002_00000001.png
785,0,S158_002_00000001.png
786,0,S160_006_00000001.png
787,0,S501_001_00000001.png
788,0,S501_004_00000001.png
789,0,S501_006_00000001.png
790,0,S502_001_00000001.png
791,0,S502_002_00000001.png
792,0,S502_004_00000001.png
793,0,S503_001_00000001.png
794,0,S503_002_00000001.png
795,0,S503_006_00000001.png
796,0,S504_001_00000001.png
797,0,S504_002_00000001.png
798,0,S504_004_00000001.png
799,0,S504_006_00000001.png
800,0,S505_002_00000001.png
801,0,S505_006_00000001.png
802,0,S506_001_00000001.png
803,0,S506_002_00000001.png
804,0,S506_004_00000001.png
805,0,S506_006_00000001.png
806,0,S895_002_00000001.png
807,0,S999_001_00000001.png
808,0,S999_003_00000001.png
809,0,S011_002_00000022.png
810,0,S014_002_00000016.png
811,0,S026_002_00000016.png
812,0,S042_002_00000016.png
813,0,S046_001_00000025.png
814,0,S064_004_00000014.png
815,0,S066_004_00000010.png
816,0,S071_002_00000020.png
817,0,S080_005_00000013.png
818,0,S081_002_00000024.png
819,0,S093_001_00000020.png
820,0,S095_010_00000014.png
821,0,S106_002_00000016.png
822,0,S108_005_00000022.png
823,0,S113_003_00000015.png
824,0,S115_004_00000017.png
825,0,S125_001_00000014.png
826,0,S130_009_00000019.png
827,0,S131_003_00000024.png
828,0,S132_002_00000018.png
829,0,S136_003_00000014.png
830,0,S137_005_00000027.png
831,0,S138_007_00000011.png
832,0,S501_006_00000041.png
833,0,S503_006_00000020.png
834,0,S504_006_00000018.png
835,0,S505_006_00000019.png
836,0,S506_006_00000042.png
837,6,S010_002_00000014.png
838,6,S011_001_00000016.png
839,6,S014_001_00000029.png
840,6,S022_001_00000030.png
841,6,S026_001_00000015.png
842,6,S032_001_00000022.png
843,6,S034_001_00000029.png
844,6,S035_001_00000015.png
845,6,S037_001_00000020.png
846,6,S042_001_00000019.png
847,6,S044_001_00000024.png
848,6,S046_002_00000006.png
849,6,S050_002_00000018.png
850,6,S051_002_00000019.png
851,6,S052_001_00000015.png
852,6,S053_001_00000023.png
853,6,S054_003_00000007.png
854,6,S055_001_00000012.png
855,6,S056_003_00000010.png
856,6,S057_001_00000019.png
857,6,S058_001_00000020.png
858,6,S059_001_00000018.png
859,6,S060_003_00000018.png
860,6,S061_001_00000012.png
861,6,S062_002_00000016.png
862,6,S063_001_00000013.png
863,6,S064_001_00000012.png
864,6,S065_003_00000022.png
865,6,S066_002_00000022.png
866,6,S067_002_00000014.png
867,6,S068_003_00000014.png
868,6,S069_002_00000014.png
869,6,S070_002_00000016.png
870,6,S071_001_00000013.png
871,6,S073_001_00000013.png
872,6,S074_002_00000016.png
873,6,S075_002_00000014.png
874,6,S076_001_00000017.png
875,6,S077_001_00000028.png
876,6,S078_001_00000033.png
877,6,S079_001_00000012.png
878,6,S080_001_00000018.png
879,6,S081_001_00000019.png
880,6,S082_001_00000015.png
881,6,S084_001_00000010.png
882,6,S085_003_00000013.png
883,6,S086_001_00000019.png
884,6,S087_001_00000011.png
885,6,S088_001_00000017.png
886,6,S089_001_00000016.png
887,6,S090_002_00000011.png
888,6,S092_001_00000017.png
889,6,S094_001_00000010.png
890,6,S095_001_00000016.png
891,6,S096_001_00000007.png
892,6,S097_001_00000021.png
893,6,S099_001_00000014.png
894,6,S100_002_00000015.png
895,6,S101_002_00000019.png
896,6,S102_002_00000018.png
897,6,S107_001_00000010.png
898,6,S110_001_00000013.png
899,6,S111_001_00000014.png
900,6,S113_001_00000012.png
901,6,S114_001_00000018.png
902,6,S115_001_00000008.png
903,6,S116_001_00000014.png
904,6,S117_001_00000014.png
905,6,S119_001_00000011.png
906,6,S122_001_00000012.png
907,6,S124_001_00000014.png
908,6,S125_007_00000009.png
909,6,S126_004_00000012.png
910,6,S127_001_00000017.png
911,6,S129_002_00000011.png
912,6,S130_001_00000018.png
913,6,S131_001_00000016.png
914,6,S132_008_00000010.png
915,6,S133_009_00000006.png
916,6,S135_001_00000039.png
917,6,S136_001_00000019.png
918,6,S137_001_00000014.png
919,6,S138_004_00000013.png